acc_mag_mean,acc_mag_std,acc_mag_max,acc_mag_min,acc_mag_median
0.9947718048870602,0.017469437660825673,1.031667567012889,0.9601812100250687,0.9948014796440431
