acc_mag_mean,acc_mag_std,acc_mag_max,acc_mag_min,acc_mag_median
0.996208117739358,0.015625707530212987,1.062627560307203,0.968286834252558,0.9944459937052199
