acc_mag_mean,acc_mag_std,acc_mag_max,acc_mag_min,acc_mag_median
0.9919742639538253,0.021158649590782355,1.0458520474728952,0.9412680876717656,0.9897504366763472
