acc_mag_mean,acc_mag_std,acc_mag_max,acc_mag_min,acc_mag_median
0.9923091223295115,0.014757666532998428,1.0214261390321715,0.9544354794468193,0.9917448963969611
