acc_mag_mean,acc_mag_std,acc_mag_max,acc_mag_min,acc_mag_median
0.9990821133844666,0.018633565537676693,1.0566138865248476,0.9613331546210107,0.9981579161469272
