acc_mag_mean,acc_mag_std,acc_mag_max,acc_mag_min,acc_mag_median
0.9988670372404819,0.019068700148345625,1.0474430649609157,0.951899757188537,0.9981191351425049
