acc_mag_mean,acc_mag_std,acc_mag_max,acc_mag_min,acc_mag_median
0.9832169761892172,0.016074725390697747,1.0294920068609332,0.9473620178887437,0.9812693761135733
