acc_mag_mean,acc_mag_std,acc_mag_max,acc_mag_min,acc_mag_median
0.9841568088494744,0.014527782424347213,1.0353080206399052,0.9546941129514727,0.982421268288518
