acc_mag_mean,acc_mag_std,acc_mag_max,acc_mag_min,acc_mag_median
0.9883402014701221,0.015753995381147703,1.023598345281971,0.9494761679150882,0.9897619798107857
