acc_mag_mean,acc_mag_std,acc_mag_max,acc_mag_min,acc_mag_median
0.9823409168440049,0.014983936586186145,1.0087439202901856,0.9465446323888409,0.982209381723932
