acc_mag_mean,acc_mag_std,acc_mag_max,acc_mag_min,acc_mag_median
0.9845604606860889,0.015076293503941553,1.0330075401555345,0.9407421001150278,0.984440210997805
