acc_mag_mean,acc_mag_std,acc_mag_max,acc_mag_min,acc_mag_median
0.98402692169548,0.01278103760557351,1.0266540300739295,0.9545581236737539,0.9843247415942936
