acc_mag_mean,acc_mag_std,acc_mag_max,acc_mag_min,acc_mag_median
0.9828105304636847,0.014292649755279286,1.0144516255599358,0.9474662017833293,0.9810379204422455
