acc_mag_mean,acc_mag_std,acc_mag_max,acc_mag_min,acc_mag_median
0.9925308471060401,0.017039246295671672,1.0409072905491201,0.9485652227986625,0.992675420983395
