acc_mag_mean,acc_mag_std,acc_mag_max,acc_mag_min,acc_mag_median
0.9868223966010498,0.005004483192859619,0.9972631434265173,0.9709865225456695,0.9870106303782918
