acc_mag_mean,acc_mag_std,acc_mag_max,acc_mag_min,acc_mag_median
0.9871126323465333,0.007273591241531432,1.0024372440777571,0.9730053623675066,0.9872083516511789
