acc_mag_mean,acc_mag_std,acc_mag_max,acc_mag_min,acc_mag_median
0.995086505478714,0.0211253486167608,1.0620808616141502,0.9623830204015205,0.9926913251168119
