acc_mag_mean,acc_mag_std,acc_mag_max,acc_mag_min,acc_mag_median
0.9921645125027334,0.0183839165143818,1.0399657031052774,0.9443769633426113,0.9928147143230294
