acc_mag_mean,acc_mag_std,acc_mag_max,acc_mag_min,acc_mag_median
0.9911816941941001,0.022949905064128008,1.0353490110177719,0.9438778418042366,0.9880073292215679
