acc_mag_mean,acc_mag_std,acc_mag_max,acc_mag_min,acc_mag_median
0.9971805885210638,0.02605048273025179,1.06410309522272,0.9067888959604425,1.0006131438220656
