acc_mag_mean,acc_mag_std,acc_mag_max,acc_mag_min,acc_mag_median
0.993408246371373,0.020360564695654625,1.0373307331301045,0.9416813745165878,0.9911024573450271
