acc_mag_mean,acc_mag_std,acc_mag_max,acc_mag_min,acc_mag_median
0.9893750280443715,0.01891492306887492,1.0369789055837204,0.9619757772873735,0.9833817087548077
