acc_mag_mean,acc_mag_std,acc_mag_max,acc_mag_min,acc_mag_median
0.992539998282406,0.023877823768366266,1.0495104284181842,0.9399552302149021,0.9916373101598805
