acc_mag_mean,acc_mag_std,acc_mag_max,acc_mag_min,acc_mag_median
0.9913260200855017,0.021987774168411967,1.0342310963821755,0.9388095610272729,0.9887299857061075
