acc_mag_mean,acc_mag_std,acc_mag_max,acc_mag_min,acc_mag_median
0.9924302706959832,0.02114564914184715,1.0473406311289204,0.9421461055133175,0.9915960926099618
