acc_mag_mean,acc_mag_std,acc_mag_max,acc_mag_min,acc_mag_median
0.9856489655578038,0.023779878454056477,1.0883426514752896,0.9000162600002127,0.9860711395567998
