acc_mag_mean,acc_mag_std,acc_mag_max,acc_mag_min,acc_mag_median
0.982543679132598,0.01340712489271079,1.0043541766170003,0.9463373099074794,0.9852293636287435
