acc_mag_mean,acc_mag_std,acc_mag_max,acc_mag_min,acc_mag_median
0.985191097748575,0.014150922186120872,1.0251777355266527,0.9545190340984819,0.9865008126115613
