acc_mag_mean,acc_mag_std,acc_mag_max,acc_mag_min,acc_mag_median
0.9812772183632089,0.013906266549241646,1.0108965622220352,0.9577497004322051,0.9796150968548818
