acc_mag_mean,acc_mag_std,acc_mag_max,acc_mag_min,acc_mag_median
0.9862213652313645,0.013232376280037757,1.01564483623207,0.9631107225789427,0.9852762239492059
