acc_mag_mean,acc_mag_std,acc_mag_max,acc_mag_min,acc_mag_median
0.999006226256307,0.06590314953940758,1.250206358088606,0.8711372672531102,0.9968562779118442
