acc_mag_mean,acc_mag_std,acc_mag_max,acc_mag_min,acc_mag_median
0.9956241625438983,0.05403292184739013,1.2129622728498424,0.89697371946385,0.994460138863643
