acc_mag_mean,acc_mag_std,acc_mag_max,acc_mag_min,acc_mag_median
0.9970057065249494,0.07510643891796985,1.3013039761505907,0.8587913612055601,0.9883669844751486
