acc_mag_mean,acc_mag_std,acc_mag_max,acc_mag_min,acc_mag_median
0.9995100541947671,0.04340789675493357,1.1717566875497254,0.9116278935706496,0.9948734326076103
