acc_mag_mean,acc_mag_std,acc_mag_max,acc_mag_min,acc_mag_median
0.9969848847612003,0.0580090322594271,1.23603978945441,0.9130694872348364,0.9991175811350872
