acc_mag_mean,acc_mag_std,acc_mag_max,acc_mag_min,acc_mag_median
1.0034635430621794,0.07258251843170312,1.2894217250713824,0.8890069015629808,0.9982219624583644
