acc_mag_mean,acc_mag_std,acc_mag_max,acc_mag_min,acc_mag_median
0.9973219375237394,0.06817097348924604,1.301303976150591,0.8587913612055601,0.9958903983989248
