acc_mag_mean,acc_mag_std,acc_mag_max,acc_mag_min,acc_mag_median
0.9924078562223434,0.018199761823094403,1.0356964429248596,0.930435520863153,0.991945011814477
