acc_mag_mean,acc_mag_std,acc_mag_max,acc_mag_min,acc_mag_median
0.9896992832701815,0.054079030684532674,1.2740624889217522,0.9004287546156396,0.9860882456913103
