acc_mag_mean,acc_mag_std,acc_mag_max,acc_mag_min,acc_mag_median
0.991322464375854,0.03975835932158306,1.1785386914912548,0.919980186995411,0.9906239843513746
