acc_mag_mean,acc_mag_std,acc_mag_max,acc_mag_min,acc_mag_median
0.9867753018532931,0.005837526759452986,0.9997284043563065,0.973929678483504,0.9868333318359654
