acc_mag_mean,acc_mag_std,acc_mag_max,acc_mag_min,acc_mag_median
0.9846713405980495,0.03471506676746714,1.0823098385227357,0.8976752987161053,0.9882741332269076
