acc_mag_mean,acc_mag_std,acc_mag_max,acc_mag_min,acc_mag_median
0.9903862895418167,0.0320512901881658,1.1668010475331843,0.9424908353729297,0.9876095143687631
