acc_mag_mean,acc_mag_std,acc_mag_max,acc_mag_min,acc_mag_median
0.991218993625544,0.04291211416600642,1.1043979594462223,0.877266808632261,0.9943920081658761
