acc_mag_mean,acc_mag_std,acc_mag_max,acc_mag_min,acc_mag_median
0.9978622497912328,0.026381301817528735,1.0853645404934225,0.8717044349010574,0.9985213075903968
