acc_mag_mean,acc_mag_std,acc_mag_max,acc_mag_min,acc_mag_median
1.0048349976983038,0.05249520500194235,1.1671710400014397,0.8620700538562613,1.0020366433119074
