acc_mag_mean,acc_mag_std,acc_mag_max,acc_mag_min,acc_mag_median
0.9987675649467794,0.016874935530073416,1.0206214658976172,0.9733193217100748,1.0023553052252518
