acc_mag_mean,acc_mag_std,acc_mag_max,acc_mag_min,acc_mag_median
1.0013900727770781,0.04177147243816432,1.0849796159648928,0.9072913402348022,0.9964014420005138
