acc_mag_mean,acc_mag_std,acc_mag_max,acc_mag_min,acc_mag_median
1.009437567922289,0.06618219504006162,1.2533577643373837,0.9018838874870696,0.9965566718815376
