acc_mag_mean,acc_mag_std,acc_mag_max,acc_mag_min,acc_mag_median
0.9941499819177875,0.047597688297471935,1.1695111657140074,0.8897146290380233,0.9945216320019266
