acc_mag_mean,acc_mag_std,acc_mag_max,acc_mag_min,acc_mag_median
0.9911952286058414,0.02623933150951012,1.0758078179164194,0.9327434673995645,0.9895596283867559
