acc_mag_mean,acc_mag_std,acc_mag_max,acc_mag_min,acc_mag_median
0.9925433518338243,0.03381397331849976,1.0884753972130627,0.9139552909383634,0.9882144226880826
