acc_mag_mean,acc_mag_std,acc_mag_max,acc_mag_min,acc_mag_median
0.9896454253775369,0.045365699691321114,1.2113512870397227,0.8783628691376707,0.9876095143687631
