acc_mag_mean,acc_mag_std,acc_mag_max,acc_mag_min,acc_mag_median
0.9999907569582601,0.033475878522048294,1.0983086544345737,0.9289442665784291,0.9987374657771183
