acc_mag_mean,acc_mag_std,acc_mag_max,acc_mag_min,acc_mag_median
0.9850238220104639,0.034502406309323906,1.0561106934185118,0.8911613054268228,0.9806293492801221
