acc_mag_mean,acc_mag_std,acc_mag_max,acc_mag_min,acc_mag_median
0.9945838036806803,0.021400347491500882,1.0301363162231643,0.9320072756143568,0.9934033731008932
