acc_mag_mean,acc_mag_std,acc_mag_max,acc_mag_min,acc_mag_median
0.997359842512642,0.015845255623228808,1.0249937615553653,0.9541531629870073,0.9984367788488324
