acc_mag_mean,acc_mag_std,acc_mag_max,acc_mag_min,acc_mag_median
0.9981786013593485,0.05296963302464833,1.2094506764946187,0.693429690811724,0.9993256420972254
