acc_mag_mean,acc_mag_std,acc_mag_max,acc_mag_min,acc_mag_median
0.9949143129584221,0.020354877573878088,1.0547830043926527,0.9464628927994425,0.9990353057248222
