acc_mag_mean,acc_mag_std,acc_mag_max,acc_mag_min,acc_mag_median
0.9946022341571205,0.01472803690491545,1.029218348596708,0.957489651258036,0.995462853589825
