acc_mag_mean,acc_mag_std,acc_mag_max,acc_mag_min,acc_mag_median
0.9928298543374912,0.012177345464103746,1.035500062670814,0.9658939962176601,0.9924053043188358
